id,field,title,type,priority,status,order1,duration,scene,assets,qc,difficulty,source,source_status,final
BAS-001,기초 해부,치아 단면과 각 조직의 역할,구조·원리,2차 확장,기획 후보,,20.0,겉면에서 내부로 투명화하며 법랑질·상아질·치수를 순서대로 표시,자연치 단면·치수·치주인대·치조골,치근 표면에 법랑질을 그리지 않기,보통,https://www.aae.org/patients/root-canal-treatment/what-is-a-root-canal/,분야 참고자료 확보·개별 대본 검증 전,
BAS-002,기초 해부,잇몸·치주인대·치조골의 관계,구조·원리,2차 확장,기획 후보,,20.0,치근 주위를 확대해 인대와 뼈의 연결을 따라 이동,자연치 단면·치수·치주인대·치조골,자연치와 뼈 사이 치주인대 공간 유지,보통,https://www.aae.org/patients/root-canal-treatment/what-is-a-root-canal/,분야 참고자료 확보·개별 대본 검증 전,
BAS-003,기초 해부,앞니와 어금니의 모양과 역할,비교·선택,2차 확장,기획 후보,,20.0,앞니 절단과 어금니 분쇄 동작을 각각 보여주기,자연치 단면·치수·치주인대·치조골,치종별 치관·치근 형태 혼동 금지,보통,https://www.aae.org/patients/root-canal-treatment/what-is-a-root-canal/,분야 참고자료 확보·개별 대본 검증 전,
BAS-004,기초 해부,치아 뿌리와 근관은 어떻게 다른가,구조·원리,2차 확장,기획 후보,,20.0,치근 외형 안으로 근관 경로를 투명하게 표시,자연치 단면·치수·치주인대·치조골,치근 수와 근관 수를 같다고 단정하지 않기,보통,https://www.aae.org/patients/root-canal-treatment/what-is-a-root-canal/,분야 참고자료 확보·개별 대본 검증 전,
BAS-005,기초 해부,치수 속 신경과 혈관,구조·원리,2차 확장,기획 후보,,20.0,치근 끝에서 치수강으로 이어지는 신경·혈관 확대,자연치 단면·치수·치주인대·치조골,치수를 신경 한 가닥으로만 묘사하지 않기,보통,https://www.aae.org/patients/root-canal-treatment/what-is-a-root-canal/,분야 참고자료 확보·개별 대본 검증 전,
BAS-006,기초 해부,상악동과 위 어금니의 위치,구조·원리,전문 검토 후,기획 후보,,20.0,위턱 단면에서 치근·뼈·상악동막을 차례로 표시,자연치 단면·치수·치주인대·치조골,치근과 상악동 관계는 개인차를 명시,높음,https://www.aae.org/patients/root-canal-treatment/what-is-a-root-canal/,분야 참고자료 확보·개별 대본 검증 전,
BAS-007,기초 해부,아래턱 신경과 어금니의 위치,구조·원리,2차 확장,기획 후보,,20.0,하악관의 경로와 치근의 상대 위치를 따라 이동,자연치 단면·치수·치주인대·치조골,하악관을 치아 근관과 연결하지 않기,보통,https://www.aae.org/patients/root-canal-treatment/what-is-a-root-canal/,분야 참고자료 확보·개별 대본 검증 전,
BAS-008,기초 해부,치아 접촉점과 치간 공간,구조·원리,2차 확장,기획 후보,,20.0,치실이 접촉점을 지나 치면을 따라 움직임,자연치 단면·치수·치주인대·치조골,접촉점 아래 치은유두와 잇몸 위치 유지,보통,https://www.aae.org/patients/root-canal-treatment/what-is-a-root-canal/,분야 참고자료 확보·개별 대본 검증 전,
BAS-009,기초 해부,위아래 치아가 맞물리는 모습,구조·원리,2차 확장,기획 후보,,20.0,턱을 닫으며 교두와 홈의 접촉을 확대,자연치 단면·치수·치주인대·치조골,치아끼리 관통하거나 모든 면이 붙지 않기,보통,https://www.aae.org/patients/root-canal-treatment/what-is-a-root-canal/,분야 참고자료 확보·개별 대본 검증 전,
BAS-010,기초 해부,유치 아래 영구치가 자라는 모습,구조·원리,2차 확장,기획 후보,,20.0,턱뼈 속 영구치와 유치 치근 위치를 투명하게 보여주기,자연치 단면·치수·치주인대·치조골,영구치 위치와 맹출 순서는 치종별 확인,보통,https://www.aae.org/patients/root-canal-treatment/what-is-a-root-canal/,분야 참고자료 확보·개별 대본 검증 전,
EXM-001,검사·진단,구강검진에서 확인하는 것,검사·진단,2차 확장,기획 후보,,20.0,거울과 탐침이 치아·잇몸·점막을 순서대로 확인,구강 모델·진단 도구·방사선 모식도,기구가 조직을 관통하는 표현 배제,보통,https://www.aae.org/patients/root-canal-treatment/what-is-a-root-canal/,분야 참고자료 확보·개별 대본 검증 전,
EXM-002,검사·진단,치근단 사진은 무엇을 보여주나,검사·진단,2차 확장,기획 후보,,20.0,한 치아 단면과 해당 방사선 영상을 나란히 연결,구강 모델·진단 도구·방사선 모식도,2차원 겹침과 병소 판독의 한계 표시,보통,https://www.aae.org/patients/root-canal-treatment/what-is-a-root-canal/,분야 참고자료 확보·개별 대본 검증 전,
EXM-003,검사·진단,파노라마에서 보는 턱과 치아,검사·진단,2차 확장,기획 후보,,20.0,전악 영상에서 치아·턱뼈·상악동 위치를 대응,구강 모델·진단 도구·방사선 모식도,방사선 사진을 실제 색 조직처럼 혼동하지 않기,보통,https://www.aae.org/patients/root-canal-treatment/what-is-a-root-canal/,분야 참고자료 확보·개별 대본 검증 전,
EXM-004,검사·진단,치과 CT로 확인하는 공간 관계,검사·진단,2차 확장,기획 후보,,20.0,연속 단면이 쌓여 치근·신경·뼈를 재구성,구강 모델·진단 도구·방사선 모식도,모든 환자에게 CT가 필요하다고 표현하지 않기,보통,https://www.aae.org/patients/root-canal-treatment/what-is-a-root-canal/,분야 참고자료 확보·개별 대본 검증 전,
EXM-005,검사·진단,구강스캐너로 본뜨는 과정,검사·진단,2차 확장,기획 후보,,20.0,스캐너가 치면을 따라 이동하며 표면 모델을 완성,구강 모델·진단 도구·방사선 모식도,표면 스캔으로 뼈·신경까지 보인다고 표현하지 않기,보통,https://www.aae.org/patients/root-canal-treatment/what-is-a-root-canal/,분야 참고자료 확보·개별 대본 검증 전,
EXM-006,검사·진단,치주낭 깊이를 재는 검사,검사·진단,2차 확장,기획 후보,,20.0,치주 탐침이 치아와 잇몸 사이로 부드럽게 들어감,구강 모델·진단 도구·방사선 모식도,탐침이 치근이나 뼈를 찌르는 오류 확인,보통,https://www.aae.org/patients/root-canal-treatment/what-is-a-root-canal/,분야 참고자료 확보·개별 대본 검증 전,
EXM-007,검사·진단,냉검사와 치수 반응 검사,검사·진단,2차 확장,기획 후보,,20.0,치면 자극 후 반응을 기록하는 흐름을 표시,구강 모델·진단 도구·방사선 모식도,검사 한 번만으로 치수 상태를 확정하지 않기,보통,https://www.aae.org/patients/root-canal-treatment/what-is-a-root-canal/,분야 참고자료 확보·개별 대본 검증 전,
EXM-008,검사·진단,씹기 검사와 균열 확인,검사·진단,2차 확장,기획 후보,,20.0,교두별로 힘을 가하며 불편한 위치를 비교,구강 모델·진단 도구·방사선 모식도,모든 균열이 엑스레이에 보인다고 표현하지 않기,보통,https://www.aae.org/patients/root-canal-treatment/what-is-a-root-canal/,분야 참고자료 확보·개별 대본 검증 전,
EXM-009,검사·진단,교합지로 높은 접촉을 찾는 과정,검사·진단,2차 확장,기획 후보,,20.0,교합지를 물고 표시된 접촉점을 확인,구강 모델·진단 도구·방사선 모식도,종이 표시 크기만으로 힘의 크기를 단정하지 않기,보통,https://www.aae.org/patients/root-canal-treatment/what-is-a-root-canal/,분야 참고자료 확보·개별 대본 검증 전,
EXM-010,검사·진단,구강사진으로 치료 전후 비교하기,검사·진단,2차 확장,기획 후보,,20.0,같은 각도·조명에서 치아와 잇몸 사진을 대응,구강 모델·진단 도구·방사선 모식도,조명 차이를 치료 효과로 보이게 하지 않기,보통,https://www.aae.org/patients/root-canal-treatment/what-is-a-root-canal/,분야 참고자료 확보·개별 대본 검증 전,
CAR-001,충치·수복,충치가 깊어지는 과정,질환 진행,1차 제작,기획 후보,6.0,30.0,표면 병소가 상아질 쪽으로 퍼지는 단면 변화를 연속 표시,자연치 단면·우식 병소·수복재,모든 초기 병소가 계속 진행한다고 단정하지 않기,중간,https://www.nidcr.nih.gov/health-info/tooth-decay,분야 참고자료 확보·개별 대본 검증 전,
CAR-002,충치·수복,초기 충치와 재광화,구조·원리,2차 확장,기획 후보,,20.0,표면 무기질 손실과 회복 가능 영역을 확대,자연치 단면·우식 병소·수복재,이미 생긴 큰 구멍이 저절로 메워지는 표현 금지,보통,https://www.nidcr.nih.gov/health-info/tooth-decay,분야 참고자료 확보·개별 대본 검증 전,
CAR-003,충치·수복,치아 사이 충치,질환 진행,2차 확장,기획 후보,,30.0,접촉면 아래 병소가 퍼지는 모습을 투명화,자연치 단면·우식 병소·수복재,겉면이 멀쩡해 보여도 병소가 있을 수 있는 구조 유지,중간,https://www.nidcr.nih.gov/health-info/tooth-decay,분야 참고자료 확보·개별 대본 검증 전,
CAR-004,충치·수복,치아 뿌리 충치,질환 진행,2차 확장,기획 후보,,30.0,노출된 치근 표면을 따라 병소가 진행,자연치 단면·우식 병소·수복재,치관 충치와 치근 조직 층을 구분,중간,https://www.nidcr.nih.gov/health-info/tooth-decay,분야 참고자료 확보·개별 대본 검증 전,
CAR-005,충치·수복,레진 충전 치료 과정,치료 과정,1차 제작,기획 후보,7.0,30.0,격리·우식 제거·접착·충전·형태 조정을 순서대로 연결,자연치 단면·우식 병소·수복재,건전 조직을 과도하게 제거하거나 재료가 치수로 침범하지 않기,중간,https://www.nidcr.nih.gov/health-info/tooth-decay,분야 참고자료 확보·개별 대본 검증 전,
CAR-006,충치·수복,인레이 치료 과정,치료 과정,1차 제작,기획 후보,16.0,30.0,와동 준비와 스캔 후 인레이가 내면에 맞춰 안착,자연치 단면·우식 병소·수복재,삭제면과 보철 내면의 형태·삽입 방향 일치,중간,https://www.nidcr.nih.gov/health-info/tooth-decay,분야 참고자료 확보·개별 대본 검증 전,
CAR-007,충치·수복,온레이로 약한 교두를 덮는 과정,치료 과정,2차 확장,기획 후보,,30.0,약해진 교두 위를 덮는 보철이 내려와 접착,자연치 단면·우식 병소·수복재,인레이·크라운과 피개 범위를 구분,중간,https://www.nidcr.nih.gov/health-info/tooth-decay,분야 참고자료 확보·개별 대본 검증 전,
CAR-008,충치·수복,레진·인레이·온레이 선택의 차이,비교·선택,2차 확장,기획 후보,,20.0,동일 치아에서 손상 범위별 수복 범위를 비교,자연치 단면·우식 병소·수복재,한 치료가 모든 경우에 우월하다고 표현하지 않기,보통,https://www.nidcr.nih.gov/health-info/tooth-decay,분야 참고자료 확보·개별 대본 검증 전,
CAR-009,충치·수복,수복물 주변에 다시 생기는 충치,질환 진행,2차 확장,기획 후보,,30.0,수복물 경계 부위에 생기는 병소를 확대,자연치 단면·우식 병소·수복재,재료 자체가 썩거나 모든 착색이 충치라는 표현 금지,중간,https://www.nidcr.nih.gov/health-info/tooth-decay,분야 참고자료 확보·개별 대본 검증 전,
CAR-010,충치·수복,시린 치아와 노출된 상아세관,구조·원리,1차 제작,기획 후보,27.0,20.0,노출 치경부를 확대해 세관 자극 전달을 도식화,자연치 단면·우식 병소·수복재,시림의 원인을 하나로 확정하지 않기,보통,https://www.nidcr.nih.gov/health-info/tooth-decay,분야 참고자료 확보·개별 대본 검증 전,
CRN-001,크라운·브릿지,자연치 크라운 치료 과정,치료 과정,1차 제작,기획 후보,1.0,30.0,치아 형성·스캔·임시치아·내면 시멘트·최종 크라운 안착,자연치 지대치·보철 내면·시멘트·교합,"자연치 뿌리 보존, 형성면과 크라운 내면 정합, 시멘트 위치 확인",중간,https://www.mouthhealthy.org/all-topics-a-z/crowns,분야 참고자료 확보·개별 대본 검증 전,
CRN-002,크라운·브릿지,크라운이 약한 치아를 감싸는 원리,구조·원리,2차 확장,기획 후보,,20.0,남은 치질과 이를 덮는 크라운의 단면을 회전,자연치 지대치·보철 내면·시멘트·교합,크라운을 끼우면 균열이 완치된다고 표현하지 않기,보통,https://www.mouthhealthy.org/all-topics-a-z/crowns,분야 참고자료 확보·개별 대본 검증 전,
CRN-003,크라운·브릿지,코어로 부족한 치아를 세우는 과정,치료 과정,2차 확장,기획 후보,,30.0,손상된 치관 안쪽을 코어로 보강하고 형태를 다듬기,자연치 지대치·보철 내면·시멘트·교합,코어와 최종 크라운을 동일 부품으로 그리지 않기,중간,https://www.mouthhealthy.org/all-topics-a-z/crowns,분야 참고자료 확보·개별 대본 검증 전,
CRN-004,크라운·브릿지,포스트와 코어의 역할,구조·원리,1차 제작,기획 후보,18.0,20.0,필요한 경우의 근관 내 포스트와 치관부 코어를 연결,자연치 지대치·보철 내면·시멘트·교합,모든 신경치료 치아에 포스트가 필요하다고 표현하지 않기,보통,https://www.mouthhealthy.org/all-topics-a-z/crowns,분야 참고자료 확보·개별 대본 검증 전,
CRN-005,크라운·브릿지,임시치아가 필요한 이유,구조·원리,2차 확장,기획 후보,,20.0,형성 치아를 임시치아로 덮고 접촉·잇몸 보호를 표시,자연치 지대치·보철 내면·시멘트·교합,임시와 최종 보철의 유지·강도 역할 구분,보통,https://www.mouthhealthy.org/all-topics-a-z/crowns,분야 참고자료 확보·개별 대본 검증 전,
CRN-006,크라운·브릿지,크라운 변연과 잇몸의 관계,구조·원리,2차 확장,기획 후보,,20.0,크라운 끝선 주변 단면을 확대하고 청소 경로 표시,자연치 지대치·보철 내면·시멘트·교합,모든 변연이 깊은 잇몸 아래에 있어야 한다는 표현 금지,보통,https://www.mouthhealthy.org/all-topics-a-z/crowns,분야 참고자료 확보·개별 대본 검증 전,
CRN-007,크라운·브릿지,크라운 접촉점과 음식물 끼임,구조·원리,2차 확장,기획 후보,,20.0,인접 치아 사이의 접촉과 음식물 경로 비교,자연치 지대치·보철 내면·시멘트·교합,접촉 문제와 잇몸 퇴축을 같은 원인으로 단정하지 않기,보통,https://www.mouthhealthy.org/all-topics-a-z/crowns,분야 참고자료 확보·개별 대본 검증 전,
CRN-008,크라운·브릿지,크라운 교합 조정 과정,치료 과정,2차 확장,기획 후보,,30.0,교합지 확인 후 높은 부위만 조정하고 연마,자연치 지대치·보철 내면·시멘트·교합,전체 치관이 비현실적으로 깎여 나가지 않기,중간,https://www.mouthhealthy.org/all-topics-a-z/crowns,분야 참고자료 확보·개별 대본 검증 전,
CRN-009,크라운·브릿지,브릿지가 빈자리를 잇는 구조,구조·원리,1차 제작,기획 후보,14.0,20.0,지대치 크라운과 중간 인공치가 연결된 상태로 안착,자연치 지대치·보철 내면·시멘트·교합,중간 인공치에 가짜 자연치 뿌리를 그리지 않기,보통,https://www.mouthhealthy.org/all-topics-a-z/crowns,분야 참고자료 확보·개별 대본 검증 전,
CRN-010,크라운·브릿지,임플란트·브릿지·틀니의 구조 비교,비교·선택,2차 확장,기획 후보,,20.0,같은 결손 부위를 세 치료의 지지 방식으로 비교,자연치 지대치·보철 내면·시멘트·교합,각 치료의 적용 조건·주변 치아 상태가 다름을 표시,보통,https://www.mouthhealthy.org/all-topics-a-z/crowns,분야 참고자료 확보·개별 대본 검증 전,
END-001,신경치료,신경치료 전체 과정,치료 과정,1차 제작,기획 후보,2.0,30.0,치수강 접근·근관 세정·성형·충전·상부 밀봉을 연결,치수강·근관·파일·충전재·치근단,뿌리를 뽑지 않고 근관 내부에서 진행하는 구조 유지,중간,https://www.aae.org/patients/root-canal-treatment/,분야 참고자료 확보·개별 대본 검증 전,
END-002,신경치료,치수염과 치근단 염증의 차이,비교·선택,2차 확장,기획 후보,,20.0,치아 안 치수와 치근 바깥 끝의 염증 위치를 대비,치수강·근관·파일·충전재·치근단,치수강과 치근단 병소를 같은 공간으로 그리지 않기,보통,https://www.aae.org/patients/root-canal-treatment/,분야 참고자료 확보·개별 대본 검증 전,
END-003,신경치료,신경치료 중 러버댐의 역할,구조·원리,2차 확장,기획 후보,,20.0,치아 주위를 격리하고 침과 기구의 경로를 분리,치수강·근관·파일·충전재·치근단,클램프·시트가 치료할 치아를 가리지 않기,보통,https://www.aae.org/patients/root-canal-treatment/,분야 참고자료 확보·개별 대본 검증 전,
END-004,신경치료,근관을 세척하고 성형하는 과정,치료 과정,2차 확장,기획 후보,,30.0,파일과 세척이 근관을 따라 단계적으로 진행,치수강·근관·파일·충전재·치근단,파일·세척액이 치근 밖으로 뚫고 나가지 않기,중간,https://www.aae.org/patients/root-canal-treatment/,분야 참고자료 확보·개별 대본 검증 전,
END-005,신경치료,근관을 충전하는 과정,치료 과정,2차 확장,기획 후보,,30.0,성형된 근관에 충전재가 들어가고 상부를 밀봉,치수강·근관·파일·충전재·치근단,충전재가 뼈를 가득 채우거나 치근을 관통하지 않기,중간,https://www.aae.org/patients/root-canal-treatment/,분야 참고자료 확보·개별 대본 검증 전,
END-006,신경치료,신경치료 후 치아를 덮는 이유,구조·원리,2차 확장,기획 후보,,20.0,"남은 치질과 힘의 방향, 피개 수복을 비교",치수강·근관·파일·충전재·치근단,모든 치아에 똑같은 보철이 필수라고 단정하지 않기,보통,https://www.aae.org/patients/root-canal-treatment/,분야 참고자료 확보·개별 대본 검증 전,
END-007,신경치료,재신경치료 과정,치료 과정,1차 제작,기획 후보,19.0,30.0,기존 충전재 제거 후 재세정과 재충전을 연결,치수강·근관·파일·충전재·치근단,기존 재료와 새 재료가 불가능하게 겹치지 않기,중간,https://www.aae.org/patients/root-canal-treatment/,분야 참고자료 확보·개별 대본 검증 전,
END-008,신경치료,치근단 수술 과정,치료 과정,전문 검토 후,기획 후보,,30.0,치근 끝 접근·처치·역충전 위치를 단면 표시,치수강·근관·파일·충전재·치근단,근관치료와 수술 접근 경로를 혼동하지 않기,높음,https://www.aae.org/patients/root-canal-treatment/,분야 참고자료 확보·개별 대본 검증 전,
END-009,신경치료,치근단 병소의 치유 관찰,질환 진행,2차 확장,기획 후보,,30.0,치료 전후 병소 변화를 시간 경과 모식도로 표현,치수강·근관·파일·충전재·치근단,치료 즉시 뼈가 완벽히 재생되거나 기간을 보장하지 않기,중간,https://www.aae.org/patients/root-canal-treatment/,분야 참고자료 확보·개별 대본 검증 전,
END-010,신경치료,신경치료 중 임시 충전 관리,관리·주의,2차 확장,기획 후보,,20.0,임시 충전의 밀봉 역할과 탈락 시 연락 흐름을 표시,치수강·근관·파일·충전재·치근단,임시 충전을 영구 수복과 동일하게 표현하지 않기,보통,https://www.aae.org/patients/root-canal-treatment/,분야 참고자료 확보·개별 대본 검증 전,
CRK-001,균열·외상,치아 미세금과 깊은 균열,질환 진행,1차 제작,기획 후보,4.0,30.0,얕은 선과 깊은 균열의 서로 다른 경로를 단면 비교,균열 치아·치근·치주인대·외상 모형,모든 미세금이 파절로 진행한다는 단일 경로 금지,중간,https://www.aae.org/patients/dental-symptoms/cracked-teeth/,분야 참고자료 확보·개별 대본 검증 전,
CRK-002,균열·외상,씹을 때 균열 부위가 움직이는 원리,구조·원리,2차 확장,기획 후보,,20.0,교두에 힘이 걸릴 때 작은 벌어짐을 확대,균열 치아·치근·치주인대·외상 모형,치아가 고무처럼 크게 휘거나 균열이 즉시 사라지지 않기,보통,https://www.aae.org/patients/dental-symptoms/cracked-teeth/,분야 참고자료 확보·개별 대본 검증 전,
CRK-003,균열·외상,교두 파절이 생긴 치아,질환 진행,2차 확장,기획 후보,,30.0,약한 교두 일부가 분리되는 과정을 표시,균열 치아·치근·치주인대·외상 모형,치관 일부 파절과 치근 파절의 범위 구분,중간,https://www.aae.org/patients/dental-symptoms/cracked-teeth/,분야 참고자료 확보·개별 대본 검증 전,
CRK-004,균열·외상,치아가 둘로 갈라진 경우,구조·원리,2차 확장,기획 후보,,20.0,분리된 치아 조각과 균열 깊이를 단면으로 확인,균열 치아·치근·치주인대·외상 모형,단순 미세금과 동일한 치료 가능성으로 표현하지 않기,보통,https://www.aae.org/patients/dental-symptoms/cracked-teeth/,분야 참고자료 확보·개별 대본 검증 전,
CRK-005,균열·외상,수직 치근파절,질환 진행,전문 검토 후,기획 후보,,30.0,치근을 따라 난 파절과 주변 조직 변화를 표시,균열 치아·치근·치주인대·외상 모형,영상만으로 확진 가능하다는 인상 배제,높음,https://www.aae.org/patients/dental-symptoms/cracked-teeth/,분야 참고자료 확보·개별 대본 검증 전,
CRK-006,균열·외상,균열 치아를 크라운으로 보호하기,치료 과정,1차 제작,기획 후보,24.0,30.0,균열 평가 후 교두를 감싸는 보철을 안착,균열 치아·치근·치주인대·외상 모형,크라운이 균열을 붙여 완전히 치유한다는 표현 금지,중간,https://www.aae.org/patients/dental-symptoms/cracked-teeth/,분야 참고자료 확보·개별 대본 검증 전,
CRK-007,균열·외상,앞니가 일부 깨졌을 때의 수복,치료 과정,2차 확장,기획 후보,,30.0,파절 범위에 따라 접착·레진으로 형태를 복원,균열 치아·치근·치주인대·외상 모형,치수 노출 유무와 조직 범위를 먼저 구분,중간,https://www.aae.org/patients/dental-symptoms/cracked-teeth/,분야 참고자료 확보·개별 대본 검증 전,
CRK-008,균열·외상,치아가 흔들리거나 위치가 바뀐 외상,치료 과정,전문 검토 후,기획 후보,,30.0,변위 확인·재위치·유연 고정의 개념 표시,균열 치아·치근·치주인대·외상 모형,모든 외상에 같은 고정 방법·기간을 적용하지 않기,높음,https://www.aae.org/patients/dental-symptoms/cracked-teeth/,분야 참고자료 확보·개별 대본 검증 전,
CRK-009,균열·외상,영구치가 빠졌을 때의 긴급 대응,관리·주의,2차 확장,기획 후보,,20.0,치관을 잡고 즉시 치과로 연결하는 행동 순서를 표시,균열 치아·치근·치주인대·외상 모형,유치와 영구치 대응을 구분하고 세부 지침 별도 검증,보통,https://www.aae.org/patients/dental-symptoms/cracked-teeth/,분야 참고자료 확보·개별 대본 검증 전,
CRK-010,균열·외상,외상 후에도 추적 검사가 필요한 이유,관리·주의,전문 검토 후,기획 후보,,20.0,처음 모습과 이후 치수·치근 상태의 관찰을 연결,균열 치아·치근·치주인대·외상 모형,겉모습이 회복됐다고 내부 회복을 확정하지 않기,높음,https://www.aae.org/patients/dental-symptoms/cracked-teeth/,분야 참고자료 확보·개별 대본 검증 전,
GUM-001,잇몸질환,치은염과 치주염의 차이,비교·선택,2차 확장,기획 후보,,20.0,잇몸 염증만 있는 상태와 지지 조직 손실을 비교,치은·치주낭·치석·치조골·치근,단순 출혈을 곧바로 골소실로 표현하지 않기,보통,https://www.perio.org/for-patients/gum-disease-information/,분야 참고자료 확보·개별 대본 검증 전,
GUM-002,잇몸질환,치주염이 진행하는 과정,질환 진행,1차 제작,기획 후보,3.0,30.0,치주낭과 부착·뼈 높이 변화를 같은 단면에서 표시,치은·치주낭·치석·치조골·치근,일률적인 속도·필연적인 치아 상실로 단정하지 않기,중간,https://www.perio.org/for-patients/gum-disease-information/,분야 참고자료 확보·개별 대본 검증 전,
GUM-003,잇몸질환,치태가 쌓이고 치석이 되는 과정,질환 진행,2차 확장,기획 후보,,30.0,치면의 치태와 광물화된 치석을 구별해 확대,치은·치주낭·치석·치조골·치근,치석을 뼈나 치아 조직과 같은 구조로 만들지 않기,중간,https://www.perio.org/for-patients/gum-disease-information/,분야 참고자료 확보·개별 대본 검증 전,
GUM-004,잇몸질환,잇몸 아래 치석의 위치,구조·원리,2차 확장,기획 후보,,20.0,잇몸을 투명화해 치근 표면 부착물을 보여주기,치은·치주낭·치석·치조골·치근,치석이 치근 내부나 뼈 한가운데 생기는 오류 확인,보통,https://www.perio.org/for-patients/gum-disease-information/,분야 참고자료 확보·개별 대본 검증 전,
GUM-005,잇몸질환,잇몸 출혈이 생기는 부위,구조·원리,2차 확장,기획 후보,,20.0,염증이 있는 잇몸 변연과 자극 위치를 확대,치은·치주낭·치석·치조골·치근,모든 출혈 원인이 치주염이라고 단정하지 않기,보통,https://www.perio.org/for-patients/gum-disease-information/,분야 참고자료 확보·개별 대본 검증 전,
GUM-006,잇몸질환,잇몸 퇴축과 치근 노출,질환 진행,2차 확장,기획 후보,,30.0,잇몸 경계가 변하며 치근이 드러나는 모습을 표시,치은·치주낭·치석·치조골·치근,잇몸 퇴축과 치조골 소실을 항상 동일시하지 않기,중간,https://www.perio.org/for-patients/gum-disease-information/,분야 참고자료 확보·개별 대본 검증 전,
GUM-007,잇몸질환,치아가 흔들리는 이유,구조·원리,2차 확장,기획 후보,,20.0,지지 조직이 줄어든 치아에 힘이 가해지는 모습,치은·치주낭·치석·치조골·치근,흔들림만으로 발치 여부를 결정하지 않기,보통,https://www.perio.org/for-patients/gum-disease-information/,분야 참고자료 확보·개별 대본 검증 전,
GUM-008,잇몸질환,치근 사이 분지부 병변,질환 진행,전문 검토 후,기획 후보,,30.0,다근치 뿌리 사이의 조직 손실을 단면 표시,치은·치주낭·치석·치조골·치근,단근치에 분지부를 그리거나 뿌리 수를 바꾸지 않기,높음,https://www.perio.org/for-patients/gum-disease-information/,분야 참고자료 확보·개별 대본 검증 전,
GUM-009,잇몸질환,치주 농양이 생긴 위치,구조·원리,2차 확장,기획 후보,,20.0,잇몸 쪽 국소 고름과 치근단 병소를 대비,치은·치주낭·치석·치조골·치근,치근단 농양과 치주 농양을 혼동하지 않기,보통,https://www.perio.org/for-patients/gum-disease-information/,분야 참고자료 확보·개별 대본 검증 전,
GUM-010,잇몸질환,흡연·당뇨와 잇몸 관리,관리·주의,2차 확장,기획 후보,,20.0,위험요인 확인과 유지관리 계획을 함께 표시,치은·치주낭·치석·치조골·치근,연관성을 개인의 확정적 예후나 책임으로 표현하지 않기,보통,https://www.perio.org/for-patients/gum-disease-information/,분야 참고자료 확보·개별 대본 검증 전,
PER-001,잇몸치료,스케일링 과정,치료 과정,1차 제작,기획 후보,8.0,30.0,기구가 치면을 따라 이동하며 치석을 제거,스케일러·치근면·판막·이식재,치아·잇몸을 통째로 깎거나 갈라지게 하지 않기,중간,https://www.perio.org/for-patients/periodontal-treatments-and-procedures/,분야 참고자료 확보·개별 대본 검증 전,
PER-002,잇몸치료,치근면 세정 치료 과정,치료 과정,1차 제작,기획 후보,17.0,30.0,잇몸 아래 치근면을 따라 기구가 접근·세정,스케일러·치근면·판막·이식재,기구가 뼈나 치근을 관통하지 않기,중간,https://www.perio.org/for-patients/periodontal-treatments-and-procedures/non-surgical-treatments/,분야 참고자료 확보·개별 대본 검증 전,
PER-003,잇몸치료,스케일링과 깊은 잇몸치료 차이,비교·선택,2차 확장,기획 후보,,20.0,잇몸 위·아래 접근 범위와 치료 목적을 비교,스케일러·치근면·판막·이식재,실제 술식 범위가 겹칠 수 있음을 무시하지 않기,보통,https://www.perio.org/for-patients/periodontal-treatments-and-procedures/,분야 참고자료 확보·개별 대본 검증 전,
PER-004,잇몸치료,잇몸 판막 수술 과정,치료 과정,2차 확장,기획 후보,,30.0,잇몸을 열어 시야 확보·세정 후 봉합,스케일러·치근면·판막·이식재,잇몸을 분리해 없애거나 뼈를 즉시 복원하지 않기,중간,https://www.perio.org/for-patients/periodontal-treatments-and-procedures/,분야 참고자료 확보·개별 대본 검증 전,
PER-005,잇몸치료,치주 재생 치료의 원리,치료 과정,전문 검토 후,기획 후보,,30.0,선택된 결손 부위에 재료·차폐막을 위치시킴,스케일러·치근면·판막·이식재,모든 형태의 골소실에서 완전 재생을 보장하지 않기,높음,https://www.perio.org/for-patients/periodontal-treatments-and-procedures/,분야 참고자료 확보·개별 대본 검증 전,
PER-006,잇몸치료,잇몸 이식으로 노출 치근 덮기,치료 과정,전문 검토 후,기획 후보,,30.0,이식 조직이 노출 치근 쪽으로 이동·고정,스케일러·치근면·판막·이식재,공여부·수여부 및 적응증을 구분,높음,https://www.perio.org/for-patients/periodontal-treatments-and-procedures/,분야 참고자료 확보·개별 대본 검증 전,
PER-007,잇몸치료,치관 연장술의 목적,치료 과정,2차 확장,기획 후보,,30.0,필요한 치아 구조를 확보하는 잇몸·뼈 조정 표시,스케일러·치근면·판막·이식재,모든 경우 뼈를 똑같이 삭제하지 않기,중간,https://www.perio.org/for-patients/periodontal-treatments-and-procedures/,분야 참고자료 확보·개별 대본 검증 전,
PER-008,잇몸치료,잇몸치료 후 재평가,검사·진단,2차 확장,기획 후보,,20.0,치주낭·출혈·위생 상태를 다시 측정,스케일러·치근면·판막·이식재,한 번 치료하면 유지관리가 끝난다는 표현 금지,보통,https://www.perio.org/for-patients/periodontal-treatments-and-procedures/,분야 참고자료 확보·개별 대본 검증 전,
PER-009,잇몸치료,잇몸치료 후 틈과 시림의 변화,관리·주의,2차 확장,기획 후보,,20.0,붓기 감소 후 치간 공간과 노출 치근을 표시,스케일러·치근면·판막·이식재,치료가 치아를 벌렸다고 오해할 장면 배제,보통,https://www.perio.org/for-patients/periodontal-treatments-and-procedures/,분야 참고자료 확보·개별 대본 검증 전,
PER-010,잇몸치료,치주 유지관리 방문에서 하는 일,관리·주의,2차 확장,기획 후보,,20.0,위생 확인·필요 부위 세정·위험 재평가를 연결,스케일러·치근면·판막·이식재,모든 환자의 유지관리 간격을 고정하지 않기,보통,https://www.perio.org/for-patients/periodontal-treatments-and-procedures/,분야 참고자료 확보·개별 대본 검증 전,
IMP-001,임플란트 구조·보철,임플란트 구성요소: 스크류와 시멘트,구조·원리,기준작,제작완료·사용자 확인,,15.0,뼈 속 픽스처에 지대주·스크류 체결 후 내면 시멘트와 크라운 안착,픽스처·지대주·내부 스크류·보철·시멘트,"지대주-크라운 정합, 내부 나사 체결 위치, 시멘트 경계 확인",높음,https://www.nobelbiocare.com/en-int/blog/productivity/screw-vs-cement-retained-restorations,제작 근거 대조 완료,https://drive.google.com/file/d/1oqYcTkTDQDTWvAzIrl2H-kwuXairzodL/view?usp=drivesdk
IMP-002,임플란트 구조·보철,자연치와 임플란트의 구조 차이,비교·선택,2차 확장,기획 후보,,20.0,자연치 치주인대와 임플란트 골 접촉을 나란히 표시,픽스처·지대주·내부 스크류·보철·시멘트,임플란트 주변에 치주인대나 치수를 생성하지 않기,보통,https://www.nobelbiocare.com/en-int/blog/productivity/screw-vs-cement-retained-restorations,분야 참고자료 확보·개별 대본 검증 전,
IMP-003,임플란트 구조·보철,힐링 어버트먼트의 역할,구조·원리,2차 확장,기획 후보,,20.0,잇몸을 통과한 힐링 부품과 최종 지대주를 비교,픽스처·지대주·내부 스크류·보철·시멘트,힐링 부품 위에 최종 크라운이 그대로 붙는 오류 방지,보통,https://www.nobelbiocare.com/en-int/blog/productivity/screw-vs-cement-retained-restorations,분야 참고자료 확보·개별 대본 검증 전,
IMP-004,임플란트 구조·보철,커버 스크류와 힐링 부품의 차이,비교·선택,2차 확장,기획 후보,,20.0,덮인 픽스처와 잇몸 위 힐링 상태를 비교,픽스처·지대주·내부 스크류·보철·시멘트,단계별 잇몸 경계와 부품 높이를 일치시키기,보통,https://www.nobelbiocare.com/en-int/blog/productivity/screw-vs-cement-retained-restorations,분야 참고자료 확보·개별 대본 검증 전,
IMP-005,임플란트 구조·보철,시멘트 유지형과 나사 유지형,비교·선택,1차 제작,기획 후보,9.0,20.0,보철 유지 경로와 나사 접근공 유무를 비교,픽스처·지대주·내부 스크류·보철·시멘트,시멘트 유지형과 나사 유지형 부품을 섞지 않기,보통,https://www.nobelbiocare.com/en-int/blog/productivity/screw-vs-cement-retained-restorations,분야 참고자료 확보·개별 대본 검증 전,
IMP-006,임플란트 구조·보철,스크류 유지형 보철 체결 과정,치료 과정,2차 확장,기획 후보,,30.0,보철을 안착하고 접근공을 통해 나사 체결·밀봉,픽스처·지대주·내부 스크류·보철·시멘트,나사 경로가 교합면에서 픽스처까지 연결되는지 확인,중간,https://www.nobelbiocare.com/en-int/blog/productivity/screw-vs-cement-retained-restorations,분야 참고자료 확보·개별 대본 검증 전,
IMP-007,임플란트 구조·보철,맞춤형 지대주의 형태,구조·원리,2차 확장,기획 후보,,20.0,잇몸 윤곽과 보철 공간에 맞는 지대주를 회전,픽스처·지대주·내부 스크류·보철·시멘트,개인별 형태를 하나의 보편적인 치수로 단정하지 않기,보통,https://www.nobelbiocare.com/en-int/blog/productivity/screw-vs-cement-retained-restorations,분야 참고자료 확보·개별 대본 검증 전,
IMP-008,임플란트 구조·보철,스캔바디로 임플란트 위치 읽기,검사·진단,2차 확장,기획 후보,,20.0,스캔바디 체결 후 스캔과 디지털 위치 대응,픽스처·지대주·내부 스크류·보철·시멘트,스캔바디를 최종 지대주나 크라운으로 바꾸지 않기,보통,https://www.nobelbiocare.com/en-int/blog/productivity/screw-vs-cement-retained-restorations,분야 참고자료 확보·개별 대본 검증 전,
IMP-009,임플란트 구조·보철,임플란트 브릿지의 지지 구조,구조·원리,2차 확장,기획 후보,,20.0,복수 픽스처 위 연결 보철의 지지점을 표시,픽스처·지대주·내부 스크류·보철·시멘트,모든 인공치 아래에 픽스처가 있다고 그리지 않기,보통,https://www.nobelbiocare.com/en-int/blog/productivity/screw-vs-cement-retained-restorations,분야 참고자료 확보·개별 대본 검증 전,
IMP-010,임플란트 구조·보철,전악 고정성 임플란트 보철의 구조,구조·원리,전문 검토 후,기획 후보,,20.0,정해진 계획의 지지점과 연결 보철·청소 공간 표시,픽스처·지대주·내부 스크류·보철·시멘트,개수·각도·즉시부하 조건을 모든 환자에 일반화하지 않기,높음,https://www.nobelbiocare.com/en-int/blog/productivity/screw-vs-cement-retained-restorations,분야 참고자료 확보·개별 대본 검증 전,
SUR-001,임플란트 수술,임플란트 치료 전체 과정,치료 과정,1차 제작,기획 후보,5.0,30.0,진단·식립·치유 경과·보철 연결을 시간 구분해 표시,치조골 단면·픽스처·가이드·차폐막·상악동막,수술과 보철 완성이 항상 당일이라는 오해 방지,중간,https://www.mouthhealthy.org/all-topics-a-z/implants,분야 참고자료 확보·개별 대본 검증 전,
SUR-002,임플란트 수술,임플란트 식립 과정,치료 과정,2차 확장,기획 후보,,30.0,계획 부위를 형성하고 픽스처가 축을 따라 회전 진입,치조골 단면·픽스처·가이드·차폐막·상악동막,드릴·픽스처 경로가 신경과 인접 치근을 침범하지 않기,중간,https://www.mouthhealthy.org/all-topics-a-z/implants,분야 참고자료 확보·개별 대본 검증 전,
SUR-003,임플란트 수술,골유착이 이루어지는 모습,질환 진행,1차 제작,기획 후보,26.0,30.0,픽스처 주변 골 접촉의 시간 경과를 확대,치조골 단면·픽스처·가이드·차폐막·상악동막,픽스처가 뼈로 변하거나 치주인대가 생기지 않기,중간,https://www.mouthhealthy.org/all-topics-a-z/implants,분야 참고자료 확보·개별 대본 검증 전,
SUR-004,임플란트 수술,발치 즉시 식립과 지연 식립,비교·선택,2차 확장,기획 후보,,20.0,발치와와 치유된 부위의 시작 조건을 비교,치조골 단면·픽스처·가이드·차폐막·상악동막,즉시 식립과 즉시 보철·즉시 부하를 혼동하지 않기,보통,https://www.mouthhealthy.org/all-topics-a-z/implants,분야 참고자료 확보·개별 대본 검증 전,
SUR-005,임플란트 수술,임플란트 뼈이식과 차폐막,치료 과정,1차 제작,기획 후보,12.0,30.0,선택된 결손에 이식재·차폐막 배치 후 봉합,치조골 단면·픽스처·가이드·차폐막·상악동막,이식재가 즉시 완전한 뼈로 바뀌는 표현 금지,중간,https://www.mouthhealthy.org/all-topics-a-z/implants,분야 참고자료 확보·개별 대본 검증 전,
SUR-006,임플란트 수술,상악동 거상술의 원리,치료 과정,1차 제작,기획 후보,13.0,30.0,상악동막을 보존하며 공간을 확보하는 단면,치조골 단면·픽스처·가이드·차폐막·상악동막,막을 뚫어 재료가 상악동에 흩어지는 오류 방지,높음,https://www.mouthhealthy.org/all-topics-a-z/implants,분야 참고자료 확보·개별 대본 검증 전,
SUR-007,임플란트 수술,가이드 수술의 원리,구조·원리,2차 확장,기획 후보,,20.0,가이드가 계획된 방향을 안내하고 기구가 통과,치조골 단면·픽스처·가이드·차폐막·상악동막,가이드를 사용하면 모든 오차가 사라진다고 표현하지 않기,보통,https://www.mouthhealthy.org/all-topics-a-z/implants,분야 참고자료 확보·개별 대본 검증 전,
SUR-008,임플란트 수술,임플란트 2차 수술의 목적,치료 과정,2차 확장,기획 후보,,30.0,잇몸 아래 픽스처를 노출하고 힐링 부품을 연결,치조골 단면·픽스처·가이드·차폐막·상악동막,모든 식립 방식에 2차 수술이 필요하다고 표현하지 않기,중간,https://www.mouthhealthy.org/all-topics-a-z/implants,분야 참고자료 확보·개별 대본 검증 전,
SUR-009,임플란트 수술,골 폭과 신경 위치를 확인하는 이유,검사·진단,2차 확장,기획 후보,,20.0,단면에서 보철 축·골 폭·신경 경로를 겹쳐 확인,치조골 단면·픽스처·가이드·차폐막·상악동막,안전 거리 수치를 임의로 만들거나 보편값으로 고정하지 않기,보통,https://www.mouthhealthy.org/all-topics-a-z/implants,분야 참고자료 확보·개별 대본 검증 전,
SUR-010,임플란트 수술,임플란트 수술 후 초기 관리,관리·주의,2차 확장,기획 후보,,20.0,수술 부위 보호와 치과 안내에 따른 식사·위생·연락,치조골 단면·픽스처·가이드·차폐막·상악동막,약물 용량과 회복 기간을 임의로 정하지 않기,보통,https://www.mouthhealthy.org/all-topics-a-z/implants,분야 참고자료 확보·개별 대본 검증 전,
IMC-001,임플란트 유지관리,임플란트 주변 점막염과 주위염,비교·선택,1차 제작,기획 후보,10.0,20.0,점막 염증과 지지 뼈 손실을 나란히 비교,임플란트 주변 점막·뼈·스크류·청소 도구,자연치 치주인대·치근을 임플란트에 생성하지 않기,보통,https://www.perio.org/for-patients/gum-disease-information/,분야 참고자료 확보·개별 대본 검증 전,
IMC-002,임플란트 유지관리,임플란트 주위염의 변화,질환 진행,2차 확장,기획 후보,,30.0,보철 아래 염증과 골 수준 변화를 같은 축에서 표시,임플란트 주변 점막·뼈·스크류·청소 도구,치석이 금속을 녹이거나 진행 속도를 고정하지 않기,중간,https://www.perio.org/for-patients/gum-disease-information/,분야 참고자료 확보·개별 대본 검증 전,
IMC-003,임플란트 유지관리,임플란트 나사 풀림,구조·원리,1차 제작,기획 후보,20.0,20.0,지대주·보철의 작은 움직임과 픽스처 고정을 대비,임플란트 주변 점막·뼈·스크류·청소 도구,나사 풀림을 픽스처 탈락과 같은 현상으로 그리지 않기,보통,https://www.perio.org/for-patients/gum-disease-information/,분야 참고자료 확보·개별 대본 검증 전,
IMC-004,임플란트 유지관리,보철 탈락과 픽스처 흔들림의 차이,비교·선택,2차 확장,기획 후보,,20.0,움직이는 위치를 보철·연결부·뼈 접촉으로 구별,임플란트 주변 점막·뼈·스크류·청소 도구,영상만 보고 자가 진단·자가 체결하게 만들지 않기,보통,https://www.perio.org/for-patients/gum-disease-information/,분야 참고자료 확보·개별 대본 검증 전,
IMC-005,임플란트 유지관리,시멘트 잔여물이 남는 위치,구조·원리,2차 확장,기획 후보,,20.0,보철 변연 아래 잔여물과 주변 조직을 확대,임플란트 주변 점막·뼈·스크류·청소 도구,시멘트가 원래 뼈-픽스처 사이를 채우는 것처럼 그리지 않기,보통,https://www.perio.org/for-patients/gum-disease-information/,분야 참고자료 확보·개별 대본 검증 전,
IMC-006,임플란트 유지관리,임플란트 주변 칫솔질,관리·주의,2차 확장,기획 후보,,20.0,칫솔이 보철과 잇몸 경계를 따라 닿는 동작,임플란트 주변 점막·뼈·스크류·청소 도구,칫솔이 잇몸을 관통하거나 부품을 움직이지 않기,보통,https://www.perio.org/for-patients/gum-disease-information/,분야 참고자료 확보·개별 대본 검증 전,
IMC-007,임플란트 유지관리,임플란트 치간칫솔 사용,관리·주의,2차 확장,기획 후보,,20.0,맞는 공간에 도구가 부드럽게 통과하는 경로,임플란트 주변 점막·뼈·스크류·청소 도구,너무 큰 도구를 억지로 밀어 넣는 장면 금지,보통,https://www.perio.org/for-patients/gum-disease-information/,분야 참고자료 확보·개별 대본 검증 전,
IMC-008,임플란트 유지관리,연결 보철 아래 청소하기,관리·주의,2차 확장,기획 후보,,20.0,보철 아래 통과형 치실과 청소 공간을 보여주기,임플란트 주변 점막·뼈·스크류·청소 도구,치실이 금속·잇몸을 관통하지 않기,보통,https://www.perio.org/for-patients/gum-disease-information/,분야 참고자료 확보·개별 대본 검증 전,
IMC-009,임플란트 유지관리,임플란트 정기검진에서 확인하는 것,검사·진단,2차 확장,기획 후보,,20.0,위생·연결부·주위 조직과 필요한 영상 검사를 표시,임플란트 주변 점막·뼈·스크류·청소 도구,모든 방문마다 CT가 필요하다고 표현하지 않기,보통,https://www.perio.org/for-patients/gum-disease-information/,분야 참고자료 확보·개별 대본 검증 전,
IMC-010,임플란트 유지관리,임플란트 주변 염증 치료의 개요,치료 과정,2차 확장,기획 후보,,30.0,검사·오염 관리·필요시 수술·유지관리 흐름,임플란트 주변 점막·뼈·스크류·청소 도구,모든 경우 같은 술식으로 완치된다고 표현하지 않기,중간,https://www.perio.org/for-patients/gum-disease-information/,분야 참고자료 확보·개별 대본 검증 전,
EXT-001,발치·구강외과,일반 발치 과정,치료 과정,2차 확장,기획 후보,,30.0,치아 분리와 발치 후 발치와를 단면으로 표시,발치와·치근·신경·상악동·혈병,치근이 사라지거나 인접 치아가 함께 움직이지 않기,중간,https://myoms.org/what-we-do/wisdom-teeth-management/,분야 참고자료 확보·개별 대본 검증 전,
EXT-002,발치·구강외과,매복 사랑니 발치 과정,치료 과정,1차 제작,기획 후보,11.0,30.0,덮인 치아에 접근하고 필요시 분할해 제거,발치와·치근·신경·상악동·혈병,하악관·인접 제2대구치 위치를 일관되게 유지,중간,https://myoms.org/what-we-do/wisdom-teeth-management/,분야 참고자료 확보·개별 대본 검증 전,
EXT-003,발치·구강외과,사랑니와 주변 염증,질환 진행,2차 확장,기획 후보,,30.0,부분 맹출 치아 주변 공간과 염증을 표시,발치와·치근·신경·상악동·혈병,모든 사랑니를 예방적으로 발치해야 한다는 표현 금지,중간,https://myoms.org/what-we-do/wisdom-teeth-management/,분야 참고자료 확보·개별 대본 검증 전,
EXT-004,발치·구강외과,사랑니와 아래턱 신경의 관계,구조·원리,2차 확장,기획 후보,,20.0,영상과 단면에서 치근·신경 경로를 대응,발치와·치근·신경·상악동·혈병,신경이 실제로 보이는 것과 영상 추정을 구분,보통,https://myoms.org/what-we-do/wisdom-teeth-management/,분야 참고자료 확보·개별 대본 검증 전,
EXT-005,발치·구강외과,발치 후 혈병과 치유,질환 진행,1차 제작,기획 후보,25.0,30.0,발치와 혈병과 이후 조직 회복을 시간 압축으로 표시,발치와·치근·신경·상악동·혈병,구멍이 하루 만에 완전히 뼈로 차는 표현 금지,중간,https://myoms.org/what-we-do/wisdom-teeth-management/,분야 참고자료 확보·개별 대본 검증 전,
EXT-006,발치·구강외과,발치 후 거즈로 지혈하기,관리·주의,2차 확장,기획 후보,,20.0,거즈 위치와 압박 방향을 측면에서 표시,발치와·치근·신경·상악동·혈병,거즈를 발치와 안으로 밀어 넣는 오류 금지,보통,https://myoms.org/what-we-do/wisdom-teeth-management/,분야 참고자료 확보·개별 대본 검증 전,
EXT-007,발치·구강외과,발치 후 혈병을 보호하는 행동,관리·주의,2차 확장,기획 후보,,20.0,흡입·강한 자극과 치과 지침에 따른 관리 비교,발치와·치근·신경·상악동·혈병,기간·식사 제한은 개별 수술 지침을 확인,보통,https://myoms.org/what-we-do/wisdom-teeth-management/,분야 참고자료 확보·개별 대본 검증 전,
EXT-008,발치·구강외과,드라이소켓의 개념,구조·원리,2차 확장,기획 후보,,20.0,혈병 유지와 손실 상태의 발치와를 비교,발치와·치근·신경·상악동·혈병,일반 수술 후 통증을 전부 드라이소켓으로 단정하지 않기,보통,https://myoms.org/what-we-do/wisdom-teeth-management/,분야 참고자료 확보·개별 대본 검증 전,
EXT-009,발치·구강외과,발치와 보존술의 원리,치료 과정,2차 확장,기획 후보,,30.0,발치와에 이식재와 보호 재료를 배치,발치와·치근·신경·상악동·혈병,치조골 흡수가 완전히 사라진다는 표현 금지,중간,https://myoms.org/what-we-do/wisdom-teeth-management/,분야 참고자료 확보·개별 대본 검증 전,
EXT-010,발치·구강외과,위 어금니 발치와 상악동 주의,구조·원리,전문 검토 후,기획 후보,,20.0,상악동 바닥과 발치 부위의 관계를 단면 표시,발치와·치근·신경·상악동·혈병,모든 상악 발치에서 천공이 생긴다고 표현하지 않기,높음,https://myoms.org/what-we-do/wisdom-teeth-management/,분야 참고자료 확보·개별 대본 검증 전,
DEN-001,틀니,전체틀니의 구조와 지지,구조·원리,1차 제작,기획 후보,15.0,20.0,위·아래 틀니를 점막 위에 순서대로 안착,의치상·인공치·점막·잔존치·유지장치,틀니가 뼈 속에 고정되거나 자연치 뿌리를 갖지 않기,보통,https://www.mouthhealthy.org/all-topics-a-z/dentures,분야 참고자료 확보·개별 대본 검증 전,
DEN-002,틀니,부분틀니의 구성요소,구조·원리,2차 확장,기획 후보,,20.0,의치상·클라스프·레스트·잔존치 접촉을 확대,의치상·인공치·점막·잔존치·유지장치,클라스프가 잇몸을 관통하지 않기,보통,https://www.mouthhealthy.org/all-topics-a-z/dentures,분야 참고자료 확보·개별 대본 검증 전,
DEN-003,틀니,틀니 제작 과정,치료 과정,2차 확장,기획 후보,,30.0,본뜨기·교합 기록·시험 장착·최종 장착을 연결,의치상·인공치·점막·잔존치·유지장치,단계별 치아 수와 교합 높이가 갑자기 변하지 않기,중간,https://www.mouthhealthy.org/all-topics-a-z/dentures,분야 참고자료 확보·개별 대본 검증 전,
DEN-004,틀니,임플란트 오버덴처의 탈착 구조,구조·원리,2차 확장,기획 후보,,20.0,어태치먼트와 틀니가 맞물리고 분리되는 동작,의치상·인공치·점막·잔존치·유지장치,고정성 전악 보철과 탈착 방식을 혼동하지 않기,보통,https://www.mouthhealthy.org/all-topics-a-z/dentures,분야 참고자료 확보·개별 대본 검증 전,
DEN-005,틀니,틀니 넣고 빼는 방법,관리·주의,2차 확장,기획 후보,,20.0,정해진 삽입 방향으로 손을 이용해 탈착,의치상·인공치·점막·잔존치·유지장치,물어서 강제로 끼우거나 금속을 구부리는 장면 금지,보통,https://www.mouthhealthy.org/all-topics-a-z/dentures,분야 참고자료 확보·개별 대본 검증 전,
DEN-006,틀니,틀니가 헐거워지는 이유,질환 진행,2차 확장,기획 후보,,30.0,시간에 따른 잔존 치조제와 의치상 적합 변화,의치상·인공치·점막·잔존치·유지장치,모든 흔들림의 원인을 뼈 흡수 하나로 단정하지 않기,중간,https://www.mouthhealthy.org/all-topics-a-z/dentures,분야 참고자료 확보·개별 대본 검증 전,
DEN-007,틀니,틀니 이장과 재제작의 차이,비교·선택,2차 확장,기획 후보,,20.0,의치상 적합 보정과 새 틀니 제작 범위 비교,의치상·인공치·점막·잔존치·유지장치,이장만으로 모든 교합·파절 문제가 해결된다고 표현하지 않기,보통,https://www.mouthhealthy.org/all-topics-a-z/dentures,분야 참고자료 확보·개별 대본 검증 전,
DEN-008,틀니,틀니 세척과 보관,관리·주의,2차 확장,기획 후보,,20.0,탈착·세척·재료별 보관 순서를 표시,의치상·인공치·점막·잔존치·유지장치,재료에 맞지 않는 뜨거운 물·세정제를 보편 권장하지 않기,보통,https://www.mouthhealthy.org/all-topics-a-z/dentures,분야 참고자료 확보·개별 대본 검증 전,
DEN-009,틀니,틀니에 적응하며 씹고 말하기,관리·주의,2차 확장,기획 후보,,20.0,양측 저작과 발음 연습을 천천히 보여주기,의치상·인공치·점막·잔존치·유지장치,통증을 무조건 참게 하거나 적응 기간을 보장하지 않기,보통,https://www.mouthhealthy.org/all-topics-a-z/dentures,분야 참고자료 확보·개별 대본 검증 전,
DEN-010,틀니,틀니가 닿아 아픈 부위 조정,치료 과정,2차 확장,기획 후보,,30.0,압박 부위를 확인하고 치과에서 조정,의치상·인공치·점막·잔존치·유지장치,환자가 직접 틀니를 깎는 동작 배제,중간,https://www.mouthhealthy.org/all-topics-a-z/dentures,분야 참고자료 확보·개별 대본 검증 전,
ORT-001,교정,교정으로 치아가 움직이는 원리,구조·원리,1차 제작,기획 후보,21.0,20.0,치주인대와 주변 뼈 변화에 따른 느린 이동,치열·치주인대·브라켓·와이어·장치,치아가 뼈를 뚫고 미끄러지거나 치근이 사라지지 않기,보통,https://aaoinfo.org/treatments/,분야 참고자료 확보·개별 대본 검증 전,
ORT-002,교정,브라켓과 와이어의 역할,구조·원리,2차 확장,기획 후보,,20.0,장치를 붙이고 와이어가 치아 이동에 관여하는 모습,치열·치주인대·브라켓·와이어·장치,와이어를 즉시 치열이 완성되는 지렛대로 과장하지 않기,보통,https://aaoinfo.org/treatments/,분야 참고자료 확보·개별 대본 검증 전,
ORT-003,교정,투명교정 장치와 어태치먼트,구조·원리,2차 확장,기획 후보,,20.0,장치가 치아·어태치먼트에 맞춰 안착,치열·치주인대·브라켓·와이어·장치,일반 마우스피스와 이동 설계를 동일시하지 않기,보통,https://aaoinfo.org/treatments/,분야 참고자료 확보·개별 대본 검증 전,
ORT-004,교정,교정용 고무줄의 역할,구조·원리,2차 확장,기획 후보,,20.0,처방된 연결점 사이 힘의 방향을 표시,치열·치주인대·브라켓·와이어·장치,환자별 고무줄 위치와 착용을 임의로 일반화하지 않기,보통,https://aaoinfo.org/treatments/,분야 참고자료 확보·개별 대본 검증 전,
ORT-005,교정,교정용 미니스크류의 역할,구조·원리,전문 검토 후,기획 후보,,20.0,뼈에 고정된 지지점과 힘의 방향을 표시,치열·치주인대·브라켓·와이어·장치,치근을 뚫고 설치되거나 일반 임플란트와 혼동하지 않기,높음,https://aaoinfo.org/treatments/,분야 참고자료 확보·개별 대본 검증 전,
ORT-006,교정,덧니와 공간 부족,구조·원리,2차 확장,기획 후보,,20.0,치열궁 내 공간과 치아 배열의 관계를 비교,치열·치주인대·브라켓·와이어·장치,발치 여부를 공간 그림만으로 단정하지 않기,보통,https://aaoinfo.org/treatments/,분야 참고자료 확보·개별 대본 검증 전,
ORT-007,교정,개방교합·과개교합·반대교합,비교·선택,2차 확장,기획 후보,,20.0,동일 측면 구도에서 맞물림의 차이를 순차 표시,치열·치주인대·브라켓·와이어·장치,치성·골격성 원인을 구분할 후속 검사가 필요,보통,https://aaoinfo.org/treatments/,분야 참고자료 확보·개별 대본 검증 전,
ORT-008,교정,교정 중 칫솔질과 치간 관리,관리·주의,2차 확장,기획 후보,,20.0,장치 위·아래와 치간에 칫솔이 닿는 경로,치열·치주인대·브라켓·와이어·장치,브라켓 주변 백색 병소를 단순 착색으로 그리지 않기,보통,https://aaoinfo.org/treatments/,분야 참고자료 확보·개별 대본 검증 전,
ORT-009,교정,유지장치가 필요한 이유,구조·원리,2차 확장,기획 후보,,20.0,치료 후 이동 가능성과 유지장치의 역할을 비교,치열·치주인대·브라켓·와이어·장치,유지장치를 끼면 영구적으로 변화가 없다고 보장하지 않기,보통,https://aaoinfo.org/treatments/,분야 참고자료 확보·개별 대본 검증 전,
ORT-010,교정,유지장치 탈착·세척·보관,관리·주의,2차 확장,기획 후보,,20.0,가철식 양손 탈착과 케이스 보관 동작,치열·치주인대·브라켓·와이어·장치,고정식 유지장치를 환자가 떼는 장면 금지,보통,https://aaoinfo.org/treatments/,분야 참고자료 확보·개별 대본 검증 전,
PED-001,소아치과,유치도 치료해야 하는 이유,구조·원리,1차 제작,기획 후보,29.0,20.0,유치 기능·공간 유지와 아래 영구치 위치를 표시,유치·영구치 치배·소아 예방 장치,모든 유치 병변이 영구치 손상으로 이어진다고 단정하지 않기,보통,https://www.aapd.org/media/Policies_Guidelines/BP_Periodicity.pdf,분야 참고자료 확보·개별 대본 검증 전,
PED-002,소아치과,어린이 충치가 퍼지는 모습,질환 진행,2차 확장,기획 후보,,30.0,유치 단면의 얇은 조직과 치수 근접성을 표현,유치·영구치 치배·소아 예방 장치,성인 치아 크기·치수 비율을 그대로 복사하지 않기,중간,https://www.aapd.org/media/Policies_Guidelines/BP_Periodicity.pdf,분야 참고자료 확보·개별 대본 검증 전,
PED-003,소아치과,실란트로 홈을 막는 과정,치료 과정,1차 제작,기획 후보,22.0,30.0,치면 준비 후 깊은 홈에 재료가 들어가 굳기,유치·영구치 치배·소아 예방 장치,치아 전체가 두꺼운 코팅으로 덮이지 않기,중간,https://www.aapd.org/media/Policies_Guidelines/BP_Periodicity.pdf,분야 참고자료 확보·개별 대본 검증 전,
PED-004,소아치과,불소도포의 원리와 과정,치료 과정,2차 확장,기획 후보,,30.0,적정 도포와 표면 보호 효과를 모식도로 표시,유치·영구치 치배·소아 예방 장치,큰 충치 구멍을 메우거나 불소를 삼키게 하지 않기,중간,https://www.aapd.org/media/Policies_Guidelines/BP_Periodicity.pdf,분야 참고자료 확보·개별 대본 검증 전,
PED-005,소아치과,유치 신경치료의 범위,비교·선택,2차 확장,기획 후보,,20.0,치수절단과 근관치료의 처리 범위를 구별,유치·영구치 치배·소아 예방 장치,영구치 치배 위치와 유치 치근을 보존해 표현,보통,https://www.aapd.org/media/Policies_Guidelines/BP_Periodicity.pdf,분야 참고자료 확보·개별 대본 검증 전,
PED-006,소아치과,유치 기성관 치료 과정,치료 과정,2차 확장,기획 후보,,30.0,준비된 유치에 맞는 크기의 기성관을 안착,유치·영구치 치배·소아 예방 장치,모든 재료·술식이 동일한 삭제량을 가진다고 표현하지 않기,중간,https://www.aapd.org/media/Policies_Guidelines/BP_Periodicity.pdf,분야 참고자료 확보·개별 대본 검증 전,
PED-007,소아치과,유치를 일찍 잃었을 때 공간유지장치,구조·원리,2차 확장,기획 후보,,20.0,빈자리 주변 이동 가능성과 유지장치 위치를 표시,유치·영구치 치배·소아 예방 장치,모든 조기 상실에 장치가 필수라고 단정하지 않기,보통,https://www.aapd.org/media/Policies_Guidelines/BP_Periodicity.pdf,분야 참고자료 확보·개별 대본 검증 전,
PED-008,소아치과,유치가 빠지고 영구치가 나는 과정,질환 진행,2차 확장,기획 후보,,30.0,유치 치근 흡수와 영구치 맹출을 시간 변화로 표시,유치·영구치 치배·소아 예방 장치,맹출 순서·시기를 획일적으로 보장하지 않기,중간,https://www.aapd.org/media/Policies_Guidelines/BP_Periodicity.pdf,분야 참고자료 확보·개별 대본 검증 전,
PED-009,소아치과,보호자가 마무리하는 어린이 양치,관리·주의,2차 확장,기획 후보,,20.0,아이 자세·치면 순서·보호자 손동작을 보여주기,유치·영구치 치배·소아 예방 장치,치약량·도움 기간은 연령별 공식 지침을 확인,보통,https://www.aapd.org/media/Policies_Guidelines/BP_Periodicity.pdf,분야 참고자료 확보·개별 대본 검증 전,
PED-010,소아치과,웃음가스 진정치료의 흐름,치료 과정,전문 검토 후,기획 후보,,30.0,코마스크·관찰·회복 확인 과정을 설명,유치·영구치 치배·소아 예방 장치,전신마취와 같거나 위험이 전혀 없다고 표현하지 않기,높음,https://www.aapd.org/media/Policies_Guidelines/BP_Periodicity.pdf,분야 참고자료 확보·개별 대본 검증 전,
PRV-001,예방·생활 관리,칫솔모가 닿아야 하는 곳,관리·주의,2차 확장,기획 후보,,20.0,치아와 잇몸 경계를 따라 부드럽게 이동,칫솔·치실·치간칫솔·치태·생활 장면,강한 수평 문지르기를 권장하지 않기,보통,https://www.perio.org/for-patients/gum-disease-information/gum-disease-prevention/,분야 참고자료 확보·개별 대본 검증 전,
PRV-002,예방·생활 관리,치실을 치면에 감싸 사용하는 법,관리·주의,1차 제작,기획 후보,23.0,20.0,접촉점 통과 후 양쪽 치면에 각각 밀착,칫솔·치실·치간칫솔·치태·생활 장면,잇몸을 세게 튕겨 내려치는 동작 배제,보통,https://www.perio.org/for-patients/gum-disease-information/gum-disease-prevention/,분야 참고자료 확보·개별 대본 검증 전,
PRV-003,예방·생활 관리,치간칫솔 크기와 사용 방향,관리·주의,2차 확장,기획 후보,,20.0,서로 다른 공간에 맞는 도구를 통과,칫솔·치실·치간칫솔·치태·생활 장면,모든 공간에 같은 굵기를 강요하지 않기,보통,https://www.perio.org/for-patients/gum-disease-information/gum-disease-prevention/,분야 참고자료 확보·개별 대본 검증 전,
PRV-004,예방·생활 관리,워터플로서의 청소 경로,관리·주의,2차 확장,기획 후보,,20.0,물줄기가 잇몸선과 보철 주위를 따라 이동,칫솔·치실·치간칫솔·치태·생활 장면,칫솔질을 완전히 대체하는 도구로 표현하지 않기,보통,https://www.perio.org/for-patients/gum-disease-information/gum-disease-prevention/,분야 참고자료 확보·개별 대본 검증 전,
PRV-005,예방·생활 관리,혀 세정과 구취 관리,관리·주의,2차 확장,기획 후보,,20.0,혀 표면을 부드럽게 세정하고 다른 원인을 구분,칫솔·치실·치간칫솔·치태·생활 장면,혀만 닦으면 모든 구취가 해결된다고 표현하지 않기,보통,https://www.perio.org/for-patients/gum-disease-information/gum-disease-prevention/,분야 참고자료 확보·개별 대본 검증 전,
PRV-006,예방·생활 관리,단 음식의 양과 먹는 횟수,구조·원리,2차 확장,기획 후보,,20.0,섭취 뒤 구강 환경 변화와 반복 노출을 표시,칫솔·치실·치간칫솔·치태·생활 장면,정확한 산도·시간 곡선을 근거 없이 수치화하지 않기,보통,https://www.perio.org/for-patients/gum-disease-information/gum-disease-prevention/,분야 참고자료 확보·개별 대본 검증 전,
PRV-007,예방·생활 관리,불소치약으로 하는 일상 관리,관리·주의,2차 확장,기획 후보,,20.0,연령에 맞는 양과 칫솔질 순서를 표시,칫솔·치실·치간칫솔·치태·생활 장면,불소 농도·양·헹굼 지침은 해당 연령 근거 확인,보통,https://www.perio.org/for-patients/gum-disease-information/gum-disease-prevention/,분야 참고자료 확보·개별 대본 검증 전,
PRV-008,예방·생활 관리,스포츠 마우스가드의 보호 원리,구조·원리,2차 확장,기획 후보,,20.0,충격이 마우스가드를 거쳐 전달되는 모습을 도식화,칫솔·치실·치간칫솔·치태·생활 장면,모든 외상을 완전히 예방한다고 표현하지 않기,보통,https://www.perio.org/for-patients/gum-disease-information/gum-disease-prevention/,분야 참고자료 확보·개별 대본 검증 전,
PRV-009,예방·생활 관리,국소마취가 풀릴 때까지 주의할 것,관리·주의,2차 확장,기획 후보,,20.0,볼·입술 깨물기와 뜨거운 음식 접촉을 피하는 장면,칫솔·치실·치간칫솔·치태·생활 장면,감각 회복 시간을 모든 사람에게 고정하지 않기,보통,https://www.perio.org/for-patients/gum-disease-information/gum-disease-prevention/,분야 참고자료 확보·개별 대본 검증 전,
PRV-010,예방·생활 관리,정기검진 간격을 정하는 이유,관리·주의,2차 확장,기획 후보,,20.0,충치·치주·보철 위험도에 따라 재방문을 계획,칫솔·치실·치간칫솔·치태·생활 장면,모든 사람에게 하나의 주기를 강제하지 않기,보통,https://www.perio.org/for-patients/gum-disease-information/gum-disease-prevention/,분야 참고자료 확보·개별 대본 검증 전,
TMJ-001,턱관절·치아 마모,턱관절이 움직이는 모습,구조·원리,2차 확장,기획 후보,,20.0,입 벌림의 회전과 활주를 단면에서 연결,턱관절·관절원판·저작근·교합면,관절원판·하악두가 서로 관통하지 않기,보통,https://www.nidcr.nih.gov/health-info/tmd,분야 참고자료 확보·개별 대본 검증 전,
TMJ-002,턱관절·치아 마모,턱관절 소리와 통증의 차이,비교·선택,2차 확장,기획 후보,,20.0,소리만 있는 경우와 통증·기능 제한을 구분,턱관절·관절원판·저작근·교합면,모든 관절 소리를 질환이나 치료 대상으로 단정하지 않기,보통,https://www.nidcr.nih.gov/health-info/tmd,분야 참고자료 확보·개별 대본 검증 전,
TMJ-003,턱관절·치아 마모,관절원판 위치 변화의 한 예,구조·원리,2차 확장,기획 후보,,20.0,검사로 확인된 유형의 원판 움직임을 도식화,턱관절·관절원판·저작근·교합면,모든 턱관절 통증의 원인을 원판 하나로 설명하지 않기,보통,https://www.nidcr.nih.gov/health-info/tmd,분야 참고자료 확보·개별 대본 검증 전,
TMJ-004,턱관절·치아 마모,저작근 통증과 악물기,구조·원리,2차 확장,기획 후보,,20.0,근육 위치와 긴장·이완을 표시,턱관절·관절원판·저작근·교합면,교합 이상 하나가 통증을 유발한다고 단정하지 않기,보통,https://www.nidcr.nih.gov/health-info/tmd,분야 참고자료 확보·개별 대본 검증 전,
TMJ-005,턱관절·치아 마모,수면 중 이갈이와 치아 접촉,구조·원리,2차 확장,기획 후보,,20.0,치아 접촉과 마모 가능 부위를 짧게 확대,턱관절·관절원판·저작근·교합면,수면 이갈이 원인을 의지나 스트레스 하나로 단정하지 않기,보통,https://www.nidcr.nih.gov/health-info/tmd,분야 참고자료 확보·개별 대본 검증 전,
TMJ-006,턱관절·치아 마모,스플린트와 나이트가드의 역할,구조·원리,1차 제작,기획 후보,28.0,20.0,장치가 맞물리는 면을 덮는 구조를 표시,턱관절·관절원판·저작근·교합면,치유 보장·영구적 교합 변경 효과를 주장하지 않기,보통,https://www.nidcr.nih.gov/health-info/tmd,분야 참고자료 확보·개별 대본 검증 전,
TMJ-007,턱관절·치아 마모,턱관절 자가 관리의 기본,관리·주의,2차 확장,기획 후보,,20.0,무리한 벌림을 줄이고 안내받은 이완 동작 표시,턱관절·관절원판·저작근·교합면,통증을 유발하는 강제 스트레칭 장면 금지,보통,https://www.nidcr.nih.gov/health-info/tmd,분야 참고자료 확보·개별 대본 검증 전,
TMJ-008,턱관절·치아 마모,산에 의한 치아 침식,질환 진행,2차 확장,기획 후보,,30.0,산 노출 뒤 표면 손실과 형태 변화를 표시,턱관절·관절원판·저작근·교합면,충치와 동일한 세균성 구멍으로 그리지 않기,중간,https://www.nidcr.nih.gov/health-info/tmd,분야 참고자료 확보·개별 대본 검증 전,
TMJ-009,턱관절·치아 마모,마모·마찰·침식의 차이,비교·선택,2차 확장,기획 후보,,20.0,힘·접촉·산에 따른 서로 다른 손상 패턴 비교,턱관절·관절원판·저작근·교합면,치경부 병소의 원인을 단일 요인으로 확정하지 않기,보통,https://www.nidcr.nih.gov/health-info/tmd,분야 참고자료 확보·개별 대본 검증 전,
TMJ-010,턱관절·치아 마모,마모된 치아의 수복 계획,검사·진단,2차 확장,기획 후보,,20.0,남은 조직·교합·원인 평가 후 수복 범위를 설계,턱관절·관절원판·저작근·교합면,모든 마모 치아를 즉시 크라운으로 덮는 흐름 배제,보통,https://www.nidcr.nih.gov/health-info/tmd,분야 참고자료 확보·개별 대본 검증 전,
EST-001,심미치료,치아 색은 왜 달라지는가,구조·원리,2차 확장,기획 후보,,20.0,표면 착색과 내부 색 변화의 위치를 구별,치아 색조·법랑질·얇은 보철·접착층,모든 변색을 같은 원인·같은 치료로 묶지 않기,보통,https://www.mouthhealthy.org/all-topics-a-z/teeth-whitening,분야 참고자료 확보·개별 대본 검증 전,
EST-002,심미치료,전문가 치아미백 과정,치료 과정,2차 확장,기획 후보,,30.0,잇몸 보호 후 치면에 미백제를 적용하는 모습,치아 색조·법랑질·얇은 보철·접착층,보철물도 자연치와 똑같이 밝아진다고 표현하지 않기,중간,https://www.mouthhealthy.org/all-topics-a-z/teeth-whitening,분야 참고자료 확보·개별 대본 검증 전,
EST-003,심미치료,맞춤 트레이 자가미백 과정,치료 과정,2차 확장,기획 후보,,30.0,치과 안내에 따른 트레이 적합·사용을 표시,치아 색조·법랑질·얇은 보철·접착층,약제 농도·사용 시간을 임의로 통일하지 않기,중간,https://www.mouthhealthy.org/all-topics-a-z/teeth-whitening,분야 참고자료 확보·개별 대본 검증 전,
EST-004,심미치료,미백과 스케일링의 차이,비교·선택,2차 확장,기획 후보,,20.0,부착물 제거와 치아 색 변화의 작용 부위를 비교,치아 색조·법랑질·얇은 보철·접착층,치석 제거만으로 본래 치아색을 바꾼다고 표현하지 않기,보통,https://www.mouthhealthy.org/all-topics-a-z/teeth-whitening,분야 참고자료 확보·개별 대본 검증 전,
EST-005,심미치료,미백 후 시림과 색 변화,관리·주의,2차 확장,기획 후보,,20.0,민감도 확인과 안내받은 사용 조절·관찰을 표시,치아 색조·법랑질·얇은 보철·접착층,효과·지속 기간·시림 발생을 보장하지 않기,보통,https://www.mouthhealthy.org/all-topics-a-z/teeth-whitening,분야 참고자료 확보·개별 대본 검증 전,
EST-006,심미치료,라미네이트 치료 과정,치료 과정,1차 제작,기획 후보,30.0,30.0,선택된 치아의 전면 준비 후 얇은 보철을 접착,치아 색조·법랑질·얇은 보철·접착층,"보철 내면과 치면 정합, 과도한 삭제 표현 확인",중간,https://www.mouthhealthy.org/all-topics-a-z/teeth-whitening,분야 참고자료 확보·개별 대본 검증 전,
EST-007,심미치료,레진으로 앞니 모양 보완하기,치료 과정,2차 확장,기획 후보,,30.0,한정된 부위에 재료를 더하고 다듬어 연마,치아 색조·법랑질·얇은 보철·접착층,어떤 크기의 결손도 무삭제로 해결된다고 표현하지 않기,중간,https://www.mouthhealthy.org/all-topics-a-z/teeth-whitening,분야 참고자료 확보·개별 대본 검증 전,
EST-008,심미치료,앞니 사이 공간 치료 선택지,비교·선택,2차 확장,기획 후보,,20.0,교정·레진·보철이 공간을 다루는 방식을 비교,치아 색조·법랑질·얇은 보철·접착층,원인·치아 비율·잇몸 상태의 차이를 생략하지 않기,보통,https://www.mouthhealthy.org/all-topics-a-z/teeth-whitening,분야 참고자료 확보·개별 대본 검증 전,
EST-009,심미치료,치아 색 맞추기와 보철 제작,검사·진단,2차 확장,기획 후보,,20.0,색조·투명도·주변 치아 비교 후 보철을 시험,치아 색조·법랑질·얇은 보철·접착층,한 가지 하얀색만 이상적인 색으로 제시하지 않기,보통,https://www.mouthhealthy.org/all-topics-a-z/teeth-whitening,분야 참고자료 확보·개별 대본 검증 전,
EST-010,심미치료,심미 보철의 접착층과 경계,구조·원리,2차 확장,기획 후보,,20.0,치면·접착층·보철 경계의 확대 단면을 표시,치아 색조·법랑질·얇은 보철·접착층,과도한 시멘트 두께·잇몸 침범·경계 틈 확인,보통,https://www.mouthhealthy.org/all-topics-a-z/teeth-whitening,분야 참고자료 확보·개별 대본 검증 전,
ORA-001,구강질환·진료 안내,구강건조와 침의 역할,구조·원리,2차 확장,기획 후보,,20.0,침의 흐름과 표면 윤활·보호 역할을 도식화,구강 점막·타액선·병변 기록·상담 장면,구강건조를 탈수 하나로 단정하지 않기,보통,https://www.nidcr.nih.gov/health-info/dry-mouth,분야 참고자료 확보·개별 대본 검증 전,
ORA-002,구강질환·진료 안내,구강궤양을 관찰하는 방법,검사·진단,2차 확장,기획 후보,,20.0,위치·모양·지속 경과를 기록하는 흐름,구강 점막·타액선·병변 기록·상담 장면,화면 모양만으로 원인이나 암 여부를 확정하지 않기,보통,https://www.nidcr.nih.gov/health-info/oral-cancer,분야 참고자료 확보·개별 대본 검증 전,
ORA-003,구강질환·진료 안내,구강암 검진에서 확인하는 부위,검사·진단,전문 검토 후,기획 후보,,20.0,혀의 옆면·구강저·점막 등을 순서대로 관찰,구강 점막·타액선·병변 기록·상담 장면,검진을 확정 진단과 동일하게 표현하지 않기,높음,https://www.nidcr.nih.gov/health-info/oral-cancer,분야 참고자료 확보·개별 대본 검증 전,
ORA-004,구강질환·진료 안내,오래 낫지 않는 구강 병변의 검사,검사·진단,전문 검토 후,기획 후보,,20.0,진찰·필요시 조직검사·결과 설명 흐름,구강 점막·타액선·병변 기록·상담 장면,모든 병변이 암이라는 공포 장면 배제,높음,https://www.nidcr.nih.gov/health-info/oral-cancer,분야 참고자료 확보·개별 대본 검증 전,
ORA-005,구강질환·진료 안내,구취를 평가하는 과정,검사·진단,2차 확장,기획 후보,,20.0,치아·잇몸·혀·구강건조 등 가능한 원인 평가,구강 점막·타액선·병변 기록·상담 장면,구강 외 원인을 무시하거나 특정 치료로 완치 보장 금지,보통,https://www.nidcr.nih.gov/health-info/oral-cancer,분야 참고자료 확보·개별 대본 검증 전,
ORA-006,구강질환·진료 안내,복용약과 전신질환을 알리는 이유,관리·주의,2차 확장,기획 후보,,20.0,진료 전에 약 목록·질환·알레르기를 확인,구강 점막·타액선·병변 기록·상담 장면,환자에게 처방약을 임의 중단하도록 지시하지 않기,보통,https://www.nidcr.nih.gov/health-info/oral-cancer,분야 참고자료 확보·개별 대본 검증 전,
ORA-007,구강질환·진료 안내,임신 중 치과진료 상담,관리·주의,전문 검토 후,기획 후보,,20.0,임신 상태와 증상을 알리고 필요한 진료를 계획,구강 점막·타액선·병변 기록·상담 장면,임신 중 모든 치료·촬영을 금지하는 표현 배제,높음,https://www.nidcr.nih.gov/health-info/oral-cancer,분야 참고자료 확보·개별 대본 검증 전,
ORA-008,구강질환·진료 안내,진정치료 후 귀가와 보호자 안내,관리·주의,전문 검토 후,기획 후보,,20.0,회복 확인과 보호자 동행·치과 지침 확인,구강 점막·타액선·병변 기록·상담 장면,진정 방식별 주의와 운전 제한을 임의로 고정하지 않기,높음,https://www.nidcr.nih.gov/health-info/oral-cancer,분야 참고자료 확보·개별 대본 검증 전,
ORA-009,구강질환·진료 안내,치료 중 멈춤 신호와 의사소통,관리·주의,2차 확장,기획 후보,,20.0,손 신호를 정하고 치료가 멈추는 장면,구강 점막·타액선·병변 기록·상담 장면,불편을 참는 것이 좋은 환자의 역할이라는 표현 배제,보통,https://www.nidcr.nih.gov/health-info/oral-cancer,분야 참고자료 확보·개별 대본 검증 전,
ORA-010,구강질환·진료 안내,수술 후 병원에 연락해야 하는 변화,관리·주의,2차 확장,기획 후보,,20.0,안내된 경과와 새로 심해지는 증상을 구별해 연락,구강 점막·타액선·병변 기록·상담 장면,숫자 기준·자가 처치·긴급도를 근거 없이 정하지 않기,보통,https://www.nidcr.nih.gov/health-info/oral-cancer,분야 참고자료 확보·개별 대본 검증 전,
